{"cameraMode":{"drawMode":0,"name":"Shaded","section":"Shading Mode"},"sceneLighting":true,"audioPlay":false,"sceneViewState":{"showFog":true,"showMaterialUpdate":false,"showSkybox":true,"showFlares":true,"showImageEffects":true,"showParticleSystems":true},"in2DMode":false,"pivot":{"x":1.1612548828125,"y":4.970703125,"z":0.748046875},"rotation":{"x":0.1745368093252182,"y":-0.026581764221191407,"z":0.004713509697467089,"w":0.9842805862426758},"size":17.227840423583986,"orthographic":true}